{
    "rmse": 0.679538251586153,
    "mae": 0.5382306957032407,
    "r2": 0.3068499436256107
}