{
    "rmse": 0.7018689711097662,
    "mae": 0.5534541921284059,
    "r2": 0.2774117069548758
}